Age,Gender,Date,Outcome
21.0,Male,2021-03-01T03:11:45+00:00,True
42.5,Male,2021-03-01T04:23:20+00:00,False
21.0,Male,2021-03-01T04:40:31+00:00,False
21.0,Male,2021-03-01T06:51:16+00:00,False
21.0,Male,2021-03-01T08:19:05+00:00,False
29.5,Male,2021-03-02T01:52:58+00:00,True
29.5,Male,2021-03-02T01:55:50+00:00,False
29.5,Male,2021-03-02T02:57:35+00:00,True
42.5,Male,2021-03-02T03:31:07+00:00,False
21.0,Female,2021-03-02T09:03:39+00:00,True
29.5,Male,2021-03-02T12:46:19+00:00,False
13.5,Male,2021-03-03T02:25:05+00:00,False
29.5,Male,2021-03-03T03:59:19+00:00,False
42.5,Female,2021-03-03T03:59:49+00:00,True
13.5,Male,2021-03-03T04:27:42+00:00,False
,Male,2021-03-03T04:33:45+00:00,False
,Male,2021-03-04T04:28:30+00:00,False
29.5,Male,2021-03-04T04:31:37+00:00,False
42.5,Male,2021-03-04T05:00:26+00:00,False
21.0,Male,2021-03-04T06:58:04+00:00,True
29.5,Male,2021-03-04T06:58:24+00:00,False
29.5,Male,2021-03-04T07:06:42+00:00,True
29.5,Male,2021-03-04T07:59:31+00:00,True
29.5,Male,2021-03-04T08:49:11+00:00,True
21.0,Male,2021-03-04T09:55:30+00:00,False
21.0,Male,2021-03-04T12:25:15+00:00,True
21.0,Male,2021-03-05T01:17:34+00:00,False
42.5,Male,2021-03-05T04:28:46+00:00,True
21.0,Male,2021-03-05T05:55:48+00:00,True
21.0,Male,2021-03-05T06:01:52+00:00,False
29.5,Male,2021-03-05T07:36:29+00:00,False
29.5,Male,2021-03-05T07:52:06+00:00,False
13.5,Male,2021-03-05T08:33:27+00:00,False
29.5,Male,2021-03-05T09:18:42+00:00,False
29.5,Male,2021-03-05T09:48:31+00:00,True
21.0,Male,2021-03-06T02:12:33+00:00,True
21.0,Male,2021-03-06T02:22:15+00:00,False
21.0,Male,2021-03-06T02:27:02+00:00,True
42.5,Male,2021-03-06T02:41:54+00:00,False
21.0,Female,2021-03-06T03:46:47+00:00,False
29.5,Male,2021-03-06T09:39:30+00:00,False
21.0,Male,2021-03-06T11:54:18+00:00,False
29.5,Male,2021-03-06T12:16:20+00:00,True
21.0,Male,2021-03-07T01:45:45+00:00,False
42.5,Male,2021-03-07T05:16:26+00:00,False
13.5,Male,2021-03-07T06:16:12+00:00,False
13.5,Male,2021-03-07T06:21:56+00:00,False
29.5,Male,2021-03-07T10:19:59+00:00,False
,Male,2021-03-07T11:11:46+00:00,False
,Male,2021-03-07T11:13:54+00:00,False
,Male,2021-03-07T11:14:58+00:00,False
,Male,2021-03-07T11:17:49+00:00,False
,Male,2021-03-07T11:26:43+00:00,False
21.0,Male,2021-03-07T12:11:23+00:00,False
29.5,Male,2021-03-08T02:49:32+00:00,False
29.5,Male,2021-03-08T04:04:15+00:00,False
29.5,Male,2021-03-08T04:46:37+00:00,True
,Male,2021-03-08T07:13:26+00:00,True
21.0,Male,2021-03-08T09:13:10+00:00,False
21.0,Male,2021-03-08T10:12:26+00:00,True
21.0,Male,2021-03-08T10:19:25+00:00,True
29.5,Male,2021-03-08T10:31:14+00:00,True
42.5,Male,2021-03-08T10:45:35+00:00,False
42.5,Male,2021-03-09T01:47:45+00:00,False
21.0,Male,2021-03-09T02:51:51+00:00,False
42.5,Male,2021-03-09T02:55:21+00:00,True
29.5,Male,2021-03-09T02:59:40+00:00,False
21.0,Male,2021-03-09T06:33:39+00:00,True
21.0,Male,2021-03-09T07:04:21+00:00,False
21.0,Male,2021-03-09T07:16:28+00:00,False
21.0,Male,2021-03-09T09:20:45+00:00,False
29.5,Male,2021-03-09T09:40:33+00:00,False
21.0,Male,2021-03-09T09:44:46+00:00,True
29.5,Male,2021-03-09T09:47:51+00:00,False
42.5,Male,2021-03-09T10:01:55+00:00,True
21.0,Male,2021-03-09T10:13:01+00:00,False
42.5,Male,2021-03-10T02:43:41+00:00,False
42.5,Male,2021-03-10T02:57:08+00:00,True
21.0,Male,2021-03-10T07:34:19+00:00,False
21.0,Male,2021-03-10T07:49:49+00:00,True
13.5,Male,2021-03-10T07:59:45+00:00,True
21.0,Male,2021-03-10T12:15:40+00:00,True
42.5,Male,2021-03-10T12:21:09+00:00,False
21.0,Male,2021-03-10T12:58:45+00:00,False
29.5,Male,2021-03-11T03:38:41+00:00,False
21.0,Male,2021-03-11T04:44:48+00:00,False
42.5,Male,2021-03-11T04:56:26+00:00,False
21.0,Male,2021-03-11T06:22:44+00:00,True
29.5,Male,2021-03-11T08:33:38+00:00,False
21.0,Male,2021-03-11T08:42:23+00:00,True
42.5,Female,2021-03-11T10:28:57+00:00,False
21.0,Male,2021-03-11T12:02:36+00:00,False
21.0,Female,2021-03-11T12:06:20+00:00,False
13.5,Male,2021-03-11T12:08:47+00:00,False
13.5,Male,2021-03-11T12:20:07+00:00,False
21.0,Male,2021-03-12T01:02:26+00:00,False
13.5,Female,2021-03-12T04:55:32+00:00,True
21.0,Male,2021-03-12T06:50:25+00:00,False
21.0,Male,2021-03-12T07:55:41+00:00,False
29.5,Male,2021-03-12T10:07:18+00:00,False
42.5,Male,2021-03-12T10:15:47+00:00,False
29.5,Male,2021-03-12T11:36:02+00:00,False
29.5,Male,2021-03-12T11:55:28+00:00,True
42.5,Male,2021-03-12T12:35:06+00:00,True
21.0,Male,2021-03-13T01:24:29+00:00,False
21.0,Male,2021-03-13T02:08:25+00:00,True
29.5,Male,2021-03-13T02:44:45+00:00,False
21.0,Male,2021-03-13T09:07:39+00:00,False
21.0,Male,2021-03-13T09:23:57+00:00,False
13.5,Male,2021-03-13T09:34:06+00:00,False
21.0,Male,2021-03-13T12:09:41+00:00,True
21.0,Male,2021-03-13T12:20:26+00:00,True
21.0,Male,2021-03-13T12:22:21+00:00,True
,Male,2021-03-15T01:01:48+00:00,False
42.5,Male,2021-03-15T01:07:07+00:00,False
29.5,Male,2021-03-15T01:29:47+00:00,False
21.0,Male,2021-03-15T04:47:58+00:00,False
42.5,Male,2021-03-15T09:12:24+00:00,False
21.0,Male,2021-03-15T09:25:53+00:00,False
29.5,Male,2021-03-15T10:46:28+00:00,False
29.5,Male,2021-03-15T10:51:29+00:00,False
29.5,Male,2021-03-15T12:37:18+00:00,True
21.0,Male,2021-03-16T02:33:44+00:00,False
13.5,Male,2021-03-16T04:24:00+00:00,False
29.5,Male,2021-03-16T06:05:46+00:00,False
21.0,Male,2021-03-16T07:11:48+00:00,False
21.0,Male,2021-03-16T07:51:32+00:00,False
29.5,Male,2021-03-16T08:06:02+00:00,False
21.0,Male,2021-03-16T08:26:28+00:00,True
21.0,Male,2021-03-16T12:06:03+00:00,False
21.0,Female,2021-03-16T12:12:52+00:00,False
21.0,Male,2021-03-17T02:18:14+00:00,False
21.0,Male,2021-03-17T02:21:06+00:00,False
21.0,Male,2021-03-17T04:57:47+00:00,False
29.5,Male,2021-03-17T05:07:08+00:00,False
29.5,Female,2021-03-17T05:14:06+00:00,True
21.0,Male,2021-03-17T06:57:13+00:00,False
,Male,2021-03-17T07:17:25+00:00,False
29.5,Male,2021-03-17T12:43:27+00:00,False
29.5,Male,2021-03-18T02:53:22+00:00,True
21.0,Male,2021-03-18T03:08:26+00:00,False
,Female,2021-03-18T04:08:24+00:00,False
21.0,Male,2021-03-18T06:56:56+00:00,False
21.0,Male,2021-03-18T07:08:01+00:00,False
21.0,Male,2021-03-18T07:11:10+00:00,False
29.5,Male,2021-03-18T07:53:15+00:00,False
21.0,Male,2021-03-18T08:46:46+00:00,False
21.0,Male,2021-03-18T11:23:19+00:00,True
29.5,Male,2021-03-19T01:23:37+00:00,False
21.0,Male,2021-03-19T01:30:17+00:00,False
29.5,Male,2021-03-19T02:07:20+00:00,True
29.5,Male,2021-03-19T04:05:07+00:00,False
29.5,Male,2021-03-19T04:26:32+00:00,False
,Male,2021-03-19T05:35:52+00:00,False
13.5,Male,2021-03-19T05:41:18+00:00,False
42.5,Female,2021-03-19T06:30:05+00:00,True
21.0,Male,2021-03-19T06:39:35+00:00,False
21.0,Male,2021-03-19T07:40:35+00:00,False
29.5,Male,2021-03-19T11:51:41+00:00,False
29.5,Male,2021-03-19T12:56:01+00:00,False
21.0,Male,2021-03-20T01:41:38+00:00,True
13.5,Male,2021-03-20T02:18:21+00:00,True
29.5,Male,2021-03-20T05:10:06+00:00,False
13.5,Male,2021-03-20T10:27:23+00:00,False
29.5,Male,2021-03-20T11:43:00+00:00,False
13.5,Male,2021-03-21T02:16:48+00:00,False
21.0,Male,2021-03-21T02:37:22+00:00,True
21.0,Male,2021-03-21T02:45:56+00:00,True
21.0,Male,2021-03-21T02:50:17+00:00,False
21.0,Male,2021-03-21T03:18:19+00:00,False
21.0,Male,2021-03-21T05:47:06+00:00,False
42.5,Male,2021-03-21T06:16:53+00:00,True
21.0,Male,2021-03-21T06:42:48+00:00,True
21.0,Male,2021-03-21T06:56:54+00:00,False
21.0,Female,2021-03-21T06:58:25+00:00,False
29.5,Male,2021-03-22T01:40:57+00:00,False
29.5,Male,2021-03-22T01:48:50+00:00,True
42.5,Male,2021-03-22T02:12:38+00:00,True
42.5,Male,2021-03-22T02:19:54+00:00,False
29.5,Male,2021-03-22T07:30:06+00:00,False
13.5,Male,2021-03-22T08:02:49+00:00,False
13.5,Male,2021-03-22T08:12:57+00:00,False
21.0,Male,2021-03-22T08:47:01+00:00,True
29.5,Female,2021-03-22T08:54:51+00:00,True
29.5,Male,2021-03-23T03:46:06+00:00,True
29.5,Male,2021-03-23T03:58:20+00:00,False
21.0,Male,2021-03-23T05:24:44+00:00,False
,Male,2021-03-23T05:54:40+00:00,True
29.5,Male,2021-03-23T06:18:09+00:00,False
29.5,Male,2021-03-23T06:35:15+00:00,False
29.5,Male,2021-03-24T02:24:56+00:00,False
21.0,Male,2021-03-24T02:29:43+00:00,False
21.0,Male,2021-03-24T02:43:09+00:00,False
21.0,Male,2021-03-24T04:00:34+00:00,False
21.0,Male,2021-03-24T04:29:20+00:00,False
21.0,Male,2021-03-24T04:30:51+00:00,False
42.5,Male,2021-03-24T05:12:53+00:00,False
,Male,2021-03-24T05:30:10+00:00,False
21.0,Male,2021-03-24T06:22:20+00:00,True
21.0,Male,2021-03-24T07:15:58+00:00,False
21.0,Male,2021-03-24T07:17:23+00:00,True
29.5,Male,2021-03-24T07:59:20+00:00,True
21.0,Male,2021-03-24T08:16:14+00:00,True
29.5,Male,2021-03-24T08:38:37+00:00,False
21.0,Male,2021-03-24T10:06:15+00:00,False
29.5,Male,2021-03-24T10:45:19+00:00,True
29.5,Male,2021-03-25T02:00:49+00:00,True
42.5,Male,2021-03-25T04:04:29+00:00,False
29.5,Male,2021-03-25T06:24:25+00:00,False
29.5,Male,2021-03-26T02:18:18+00:00,True
,Male,2021-03-26T04:13:03+00:00,False
21.0,Male,2021-03-26T04:14:03+00:00,False
,Male,2021-03-26T04:39:56+00:00,False
21.0,Male,2021-03-26T05:16:18+00:00,True
29.5,Male,2021-03-26T06:58:28+00:00,False
42.5,Male,2021-03-26T07:38:44+00:00,False
29.5,Male,2021-03-26T08:06:20+00:00,True
21.0,Male,2021-03-26T10:56:00+00:00,False
13.5,Male,2021-03-26T11:04:53+00:00,False
21.0,Male,2021-03-26T11:55:11+00:00,True
13.5,Male,2021-03-27T01:16:19+00:00,False
21.0,Male,2021-03-27T02:16:18+00:00,True
13.5,Male,2021-03-27T02:23:19+00:00,False
42.5,Male,2021-03-27T05:19:31+00:00,False
13.5,Male,2021-03-27T05:26:51+00:00,True
,Male,2021-03-27T06:38:46+00:00,False
13.5,Male,2021-03-27T09:03:55+00:00,True
13.5,Female,2021-03-27T09:08:00+00:00,False
13.5,Male,2021-03-27T12:08:23+00:00,False
21.0,Male,2021-03-27T12:26:00+00:00,False
21.0,Male,2021-03-27T12:36:37+00:00,False
21.0,Male,2021-03-28T01:51:36+00:00,True
21.0,Male,2021-03-28T01:53:00+00:00,True
29.5,Male,2021-03-28T01:53:04+00:00,False
21.0,Male,2021-03-28T02:22:17+00:00,False
,Male,2021-03-28T02:52:27+00:00,False
21.0,Male,2021-03-28T02:55:13+00:00,True
21.0,Male,2021-03-28T04:13:41+00:00,True
21.0,Male,2021-03-28T04:44:47+00:00,False
21.0,Male,2021-03-28T07:22:28+00:00,True
21.0,Male,2021-03-28T07:38:26+00:00,False
21.0,Male,2021-03-28T07:43:17+00:00,True
21.0,Female,2021-03-28T08:03:56+00:00,False
21.0,Female,2021-03-29T02:14:59+00:00,True
21.0,Female,2021-03-29T03:30:59+00:00,False
42.5,Male,2021-03-29T03:51:07+00:00,False
29.5,Male,2021-03-29T04:06:18+00:00,False
,Male,2021-03-29T04:45:58+00:00,False
,Male,2021-03-29T06:23:14+00:00,False
42.5,Male,2021-03-29T06:31:42+00:00,True
42.5,Male,2021-03-29T06:45:17+00:00,True
,Male,2021-03-29T06:45:26+00:00,False
21.0,Male,2021-03-29T10:12:24+00:00,False
13.5,Male,2021-03-29T10:20:50+00:00,False
42.5,Male,2021-03-30T02:43:10+00:00,False
29.5,Male,2021-03-30T03:05:20+00:00,False
29.5,Male,2021-03-30T03:05:20+00:00,False
21.0,Male,2021-03-30T03:22:07+00:00,True
42.5,Male,2021-03-30T03:26:17+00:00,False
21.0,Male,2021-03-30T03:46:20+00:00,True
29.5,Male,2021-03-30T04:12:14+00:00,True
,Male,2021-03-30T05:56:00+00:00,False
29.5,Male,2021-03-30T05:57:21+00:00,True
21.0,Male,2021-03-30T06:38:22+00:00,False
21.0,Male,2021-03-30T07:39:13+00:00,True
21.0,Male,2021-03-30T08:14:49+00:00,False
21.0,Male,2021-03-30T08:31:05+00:00,False
21.0,Male,2021-03-30T09:05:42+00:00,False
42.5,Male,2021-03-30T09:58:16+00:00,True
29.5,Male,2021-03-30T10:55:29+00:00,False
42.5,Male,2021-03-30T11:35:31+00:00,True
29.5,Male,2021-03-30T11:55:01+00:00,True
42.5,Male,2021-03-31T00:05:16+00:00,False
21.0,Male,2021-03-31T00:23:00+00:00,False
42.5,Female,2021-03-31T01:04:25+00:00,False
13.5,Male,2021-03-31T01:31:06+00:00,False
13.5,Male,2021-03-31T01:43:57+00:00,False
13.5,Male,2021-03-31T03:37:05+00:00,True
29.5,Male,2021-03-31T04:01:52+00:00,True
21.0,Male,2021-03-31T05:33:01+00:00,False
13.5,Male,2021-03-31T05:37:44+00:00,False
21.0,Male,2021-03-31T05:43:06+00:00,False
21.0,Male,2021-03-31T06:04:47+00:00,False
21.0,Male,2021-03-31T06:10:22+00:00,False
21.0,Male,2021-03-31T06:16:09+00:00,False
29.5,Male,2021-03-31T06:38:36+00:00,True
21.0,Male,2021-03-31T06:40:30+00:00,False
13.5,Male,2021-03-31T06:56:46+00:00,True
21.0,Male,2021-03-31T07:11:29+00:00,True
42.5,Male,2021-03-31T11:13:59+00:00,True
29.5,Male,2021-03-31T11:42:28+00:00,True
29.5,Male,2021-03-31T11:43:42+00:00,False
